,Pclass,Age,SibSp,Parch,0,1,2,3,4,AgeBin_Code,FamilySize,isAlone
0,3,22.0,1,0,0.0,1.0,0.0,0.0,1.0,1,1,False
1,1,38.0,1,0,1.0,0.0,1.0,0.0,0.0,2,1,False
2,3,26.0,0,0,1.0,0.0,0.0,0.0,1.0,1,0,True
3,1,35.0,1,0,1.0,0.0,0.0,0.0,1.0,2,1,False
4,3,35.0,0,0,0.0,1.0,0.0,0.0,1.0,2,0,True
5,3,32.368090452261306,0,0,0.0,1.0,0.0,1.0,0.0,1,0,True
6,1,54.0,0,0,0.0,1.0,0.0,0.0,1.0,3,0,True
7,3,2.0,3,1,0.0,1.0,0.0,0.0,1.0,0,4,False
8,3,27.0,0,2,1.0,0.0,0.0,0.0,1.0,1,2,False
9,2,14.0,1,0,1.0,0.0,1.0,0.0,0.0,0,1,False
10,3,4.0,1,1,1.0,0.0,0.0,0.0,1.0,0,2,False
11,1,58.0,0,0,1.0,0.0,0.0,0.0,1.0,3,0,True
12,3,20.0,0,0,0.0,1.0,0.0,0.0,1.0,1,0,True
13,3,39.0,1,5,0.0,1.0,0.0,0.0,1.0,2,6,False
14,3,14.0,0,0,1.0,0.0,0.0,0.0,1.0,0,0,True
15,2,55.0,0,0,1.0,0.0,0.0,0.0,1.0,3,0,True
16,3,2.0,4,1,0.0,1.0,0.0,1.0,0.0,0,5,False
17,2,32.368090452261306,0,0,0.0,1.0,0.0,0.0,1.0,1,0,True
18,3,31.0,1,0,1.0,0.0,0.0,0.0,1.0,1,1,False
19,3,35.898148148148145,0,0,1.0,0.0,1.0,0.0,0.0,2,0,True
20,2,35.0,0,0,0.0,1.0,0.0,0.0,1.0,2,0,True
21,2,34.0,0,0,0.0,1.0,0.0,0.0,1.0,2,0,True
22,3,15.0,0,0,1.0,0.0,0.0,1.0,0.0,0,0,True
23,1,28.0,0,0,0.0,1.0,0.0,0.0,1.0,1,0,True
24,3,8.0,3,1,1.0,0.0,0.0,0.0,1.0,0,4,False
25,3,38.0,1,5,1.0,0.0,0.0,0.0,1.0,2,6,False
26,3,32.368090452261306,0,0,0.0,1.0,1.0,0.0,0.0,1,0,True
27,1,19.0,3,2,0.0,1.0,0.0,0.0,1.0,1,5,False
28,3,21.773972602739725,0,0,1.0,0.0,0.0,1.0,0.0,1,0,True
29,3,32.368090452261306,0,0,0.0,1.0,0.0,0.0,1.0,1,0,True
30,1,40.0,0,0,0.0,1.0,1.0,0.0,0.0,2,0,True
31,1,35.898148148148145,1,0,1.0,0.0,1.0,0.0,0.0,2,1,False
32,3,21.773972602739725,0,0,1.0,0.0,0.0,1.0,0.0,1,0,True
33,2,66.0,0,0,0.0,1.0,0.0,0.0,1.0,4,0,True
34,1,28.0,1,0,0.0,1.0,1.0,0.0,0.0,1,1,False
35,1,42.0,1,0,0.0,1.0,0.0,0.0,1.0,2,1,False
36,3,32.368090452261306,0,0,0.0,1.0,1.0,0.0,0.0,1,0,True
37,3,21.0,0,0,0.0,1.0,0.0,0.0,1.0,1,0,True
38,3,18.0,2,0,1.0,0.0,0.0,0.0,1.0,1,2,False
39,3,14.0,1,0,1.0,0.0,1.0,0.0,0.0,0,1,False
40,3,40.0,1,0,1.0,0.0,0.0,0.0,1.0,2,1,False
41,2,27.0,1,0,1.0,0.0,0.0,0.0,1.0,1,1,False
42,3,32.368090452261306,0,0,0.0,1.0,1.0,0.0,0.0,1,0,True
43,2,3.0,1,2,1.0,0.0,1.0,0.0,0.0,0,3,False
44,3,19.0,0,0,1.0,0.0,0.0,1.0,0.0,1,0,True
45,3,32.368090452261306,0,0,0.0,1.0,0.0,0.0,1.0,1,0,True
46,3,32.368090452261306,1,0,0.0,1.0,0.0,1.0,0.0,1,1,False
47,3,21.773972602739725,0,0,1.0,0.0,0.0,1.0,0.0,1,0,True
48,3,32.368090452261306,2,0,0.0,1.0,1.0,0.0,0.0,1,2,False
49,3,18.0,1,0,1.0,0.0,0.0,0.0,1.0,1,1,False
50,3,7.0,4,1,0.0,1.0,0.0,0.0,1.0,0,5,False
51,3,21.0,0,0,0.0,1.0,0.0,0.0,1.0,1,0,True
52,1,49.0,1,0,1.0,0.0,1.0,0.0,0.0,3,1,False
53,2,29.0,1,0,1.0,0.0,0.0,0.0,1.0,1,1,False
54,1,65.0,0,1,0.0,1.0,1.0,0.0,0.0,4,1,False
55,1,32.368090452261306,0,0,0.0,1.0,0.0,0.0,1.0,1,0,True
56,2,21.0,0,0,1.0,0.0,0.0,0.0,1.0,1,0,True
57,3,28.5,0,0,0.0,1.0,1.0,0.0,0.0,1,0,True
58,2,5.0,1,2,1.0,0.0,0.0,0.0,1.0,0,3,False
59,3,11.0,5,2,0.0,1.0,0.0,0.0,1.0,0,7,False
60,3,22.0,0,0,0.0,1.0,1.0,0.0,0.0,1,0,True
61,1,38.0,0,0,1.0,0.0,0.0,0.0,1.0,2,0,True
62,1,45.0,1,0,0.0,1.0,0.0,0.0,1.0,2,1,False
63,3,4.0,3,2,0.0,1.0,0.0,0.0,1.0,0,5,False
64,1,32.368090452261306,0,0,0.0,1.0,1.0,0.0,0.0,1,0,True
65,3,4.574166666666667,1,1,0.0,1.0,1.0,0.0,0.0,0,2,False
66,2,29.0,0,0,1.0,0.0,0.0,0.0,1.0,1,0,True
67,3,19.0,0,0,0.0,1.0,0.0,0.0,1.0,1,0,True
68,3,17.0,4,2,1.0,0.0,0.0,0.0,1.0,1,6,False
69,3,26.0,2,0,0.0,1.0,0.0,0.0,1.0,1,2,False
70,2,32.0,0,0,0.0,1.0,0.0,0.0,1.0,1,0,True
71,3,16.0,5,2,1.0,0.0,0.0,0.0,1.0,0,7,False
72,2,21.0,0,0,0.0,1.0,0.0,0.0,1.0,1,0,True
73,3,26.0,1,0,0.0,1.0,1.0,0.0,0.0,1,1,False
74,3,32.0,0,0,0.0,1.0,0.0,0.0,1.0,1,0,True
75,3,25.0,0,0,0.0,1.0,0.0,0.0,1.0,1,0,True
76,3,32.368090452261306,0,0,0.0,1.0,0.0,0.0,1.0,1,0,True
77,3,32.368090452261306,0,0,0.0,1.0,0.0,0.0,1.0,1,0,True
78,2,0.83,0,2,0.0,1.0,0.0,0.0,1.0,0,2,False
79,3,30.0,0,0,1.0,0.0,0.0,0.0,1.0,1,0,True
80,3,22.0,0,0,0.0,1.0,0.0,0.0,1.0,1,0,True
81,3,29.0,0,0,0.0,1.0,0.0,0.0,1.0,1,0,True
82,3,21.773972602739725,0,0,1.0,0.0,0.0,1.0,0.0,1,0,True
83,1,28.0,0,0,0.0,1.0,0.0,0.0,1.0,1,0,True
84,2,17.0,0,0,1.0,0.0,0.0,0.0,1.0,1,0,True
85,3,33.0,3,0,1.0,0.0,0.0,0.0,1.0,2,3,False
86,3,16.0,1,3,0.0,1.0,0.0,0.0,1.0,0,4,False
87,3,32.368090452261306,0,0,0.0,1.0,0.0,0.0,1.0,1,0,True
88,1,23.0,3,2,1.0,0.0,0.0,0.0,1.0,1,5,False
89,3,24.0,0,0,0.0,1.0,0.0,0.0,1.0,1,0,True
90,3,29.0,0,0,0.0,1.0,0.0,0.0,1.0,1,0,True
91,3,20.0,0,0,0.0,1.0,0.0,0.0,1.0,1,0,True
92,1,46.0,1,0,0.0,1.0,0.0,0.0,1.0,2,1,False
93,3,26.0,1,2,0.0,1.0,0.0,0.0,1.0,1,3,False
94,3,59.0,0,0,0.0,1.0,0.0,0.0,1.0,3,0,True
95,3,32.368090452261306,0,0,0.0,1.0,0.0,0.0,1.0,1,0,True
96,1,71.0,0,0,0.0,1.0,1.0,0.0,0.0,4,0,True
97,1,23.0,0,1,0.0,1.0,1.0,0.0,0.0,1,1,False
98,2,34.0,0,1,1.0,0.0,0.0,0.0,1.0,2,1,False
99,2,34.0,1,0,0.0,1.0,0.0,0.0,1.0,2,1,False
100,3,28.0,0,0,1.0,0.0,0.0,0.0,1.0,1,0,True
101,3,32.368090452261306,0,0,0.0,1.0,0.0,0.0,1.0,1,0,True
102,1,21.0,0,1,0.0,1.0,0.0,0.0,1.0,1,1,False
103,3,33.0,0,0,0.0,1.0,0.0,0.0,1.0,2,0,True
104,3,37.0,2,0,0.0,1.0,0.0,0.0,1.0,2,2,False
105,3,28.0,0,0,0.0,1.0,0.0,0.0,1.0,1,0,True
106,3,21.0,0,0,1.0,0.0,0.0,0.0,1.0,1,0,True
107,3,32.368090452261306,0,0,0.0,1.0,0.0,0.0,1.0,1,0,True
108,3,38.0,0,0,0.0,1.0,0.0,0.0,1.0,2,0,True
109,3,21.773972602739725,1,0,1.0,0.0,0.0,1.0,0.0,1,1,False
110,1,47.0,0,0,0.0,1.0,0.0,0.0,1.0,2,0,True
111,3,14.5,1,0,1.0,0.0,1.0,0.0,0.0,0,1,False
112,3,22.0,0,0,0.0,1.0,0.0,0.0,1.0,1,0,True
113,3,20.0,1,0,1.0,0.0,0.0,0.0,1.0,1,1,False
114,3,17.0,0,0,1.0,0.0,1.0,0.0,0.0,1,0,True
115,3,21.0,0,0,0.0,1.0,0.0,0.0,1.0,1,0,True
116,3,70.5,0,0,0.0,1.0,0.0,1.0,0.0,4,0,True
117,2,29.0,1,0,0.0,1.0,0.0,0.0,1.0,1,1,False
118,1,24.0,0,1,0.0,1.0,1.0,0.0,0.0,1,1,False
119,3,2.0,4,2,1.0,0.0,0.0,0.0,1.0,0,6,False
120,2,21.0,2,0,0.0,1.0,0.0,0.0,1.0,1,2,False
121,3,32.368090452261306,0,0,0.0,1.0,0.0,0.0,1.0,1,0,True
122,2,32.5,1,0,0.0,1.0,1.0,0.0,0.0,1,1,False
123,2,32.5,0,0,1.0,0.0,0.0,0.0,1.0,1,0,True
124,1,54.0,0,1,0.0,1.0,0.0,0.0,1.0,3,1,False
125,3,12.0,1,0,0.0,1.0,1.0,0.0,0.0,0,1,False
126,3,32.368090452261306,0,0,0.0,1.0,0.0,1.0,0.0,1,0,True
127,3,24.0,0,0,0.0,1.0,0.0,0.0,1.0,1,0,True
128,3,21.773972602739725,1,1,1.0,0.0,1.0,0.0,0.0,1,2,False
129,3,45.0,0,0,0.0,1.0,0.0,0.0,1.0,2,0,True
130,3,33.0,0,0,0.0,1.0,1.0,0.0,0.0,2,0,True
131,3,20.0,0,0,0.0,1.0,0.0,0.0,1.0,1,0,True
132,3,47.0,1,0,1.0,0.0,0.0,0.0,1.0,2,1,False
133,2,29.0,1,0,1.0,0.0,0.0,0.0,1.0,1,1,False
134,2,25.0,0,0,0.0,1.0,0.0,0.0,1.0,1,0,True
135,2,23.0,0,0,0.0,1.0,1.0,0.0,0.0,1,0,True
136,1,19.0,0,2,1.0,0.0,0.0,0.0,1.0,1,2,False
137,1,37.0,1,0,0.0,1.0,0.0,0.0,1.0,2,1,False
138,3,16.0,0,0,0.0,1.0,0.0,0.0,1.0,0,0,True
139,1,24.0,0,0,0.0,1.0,1.0,0.0,0.0,1,0,True
140,3,35.898148148148145,0,2,1.0,0.0,1.0,0.0,0.0,2,2,False
141,3,22.0,0,0,1.0,0.0,0.0,0.0,1.0,1,0,True
142,3,24.0,1,0,1.0,0.0,0.0,0.0,1.0,1,1,False
143,3,19.0,0,0,0.0,1.0,0.0,1.0,0.0,1,0,True
144,2,18.0,0,0,0.0,1.0,0.0,0.0,1.0,1,0,True
145,2,19.0,1,1,0.0,1.0,0.0,0.0,1.0,1,2,False
146,3,27.0,0,0,0.0,1.0,0.0,0.0,1.0,1,0,True
147,3,9.0,2,2,1.0,0.0,0.0,0.0,1.0,0,4,False
148,2,36.5,0,2,0.0,1.0,0.0,0.0,1.0,2,2,False
149,2,42.0,0,0,0.0,1.0,0.0,0.0,1.0,2,0,True
150,2,51.0,0,0,0.0,1.0,0.0,0.0,1.0,3,0,True
151,1,22.0,1,0,1.0,0.0,0.0,0.0,1.0,1,1,False
152,3,55.5,0,0,0.0,1.0,0.0,0.0,1.0,3,0,True
153,3,40.5,0,2,0.0,1.0,0.0,0.0,1.0,2,2,False
154,3,32.368090452261306,0,0,0.0,1.0,0.0,0.0,1.0,1,0,True
155,1,51.0,0,1,0.0,1.0,1.0,0.0,0.0,3,1,False
156,3,16.0,0,0,1.0,0.0,0.0,1.0,0.0,0,0,True
157,3,30.0,0,0,0.0,1.0,0.0,0.0,1.0,1,0,True
158,3,32.368090452261306,0,0,0.0,1.0,0.0,0.0,1.0,1,0,True
159,3,4.574166666666667,8,2,0.0,1.0,0.0,0.0,1.0,0,10,False
160,3,44.0,0,1,0.0,1.0,0.0,0.0,1.0,2,1,False
161,2,40.0,0,0,1.0,0.0,0.0,0.0,1.0,2,0,True
162,3,26.0,0,0,0.0,1.0,0.0,0.0,1.0,1,0,True
163,3,17.0,0,0,0.0,1.0,0.0,0.0,1.0,1,0,True
164,3,1.0,4,1,0.0,1.0,0.0,0.0,1.0,0,5,False
165,3,9.0,0,2,0.0,1.0,0.0,0.0,1.0,0,2,False
166,1,35.898148148148145,0,1,1.0,0.0,0.0,0.0,1.0,2,1,False
167,3,45.0,1,4,1.0,0.0,0.0,0.0,1.0,2,5,False
168,1,32.368090452261306,0,0,0.0,1.0,0.0,0.0,1.0,1,0,True
169,3,28.0,0,0,0.0,1.0,0.0,0.0,1.0,1,0,True
170,1,61.0,0,0,0.0,1.0,0.0,0.0,1.0,3,0,True
171,3,4.0,4,1,0.0,1.0,0.0,1.0,0.0,0,5,False
172,3,1.0,1,1,1.0,0.0,0.0,0.0,1.0,0,2,False
173,3,21.0,0,0,0.0,1.0,0.0,0.0,1.0,1,0,True
174,1,56.0,0,0,0.0,1.0,1.0,0.0,0.0,3,0,True
175,3,18.0,1,1,0.0,1.0,0.0,0.0,1.0,1,2,False
176,3,4.574166666666667,3,1,0.0,1.0,0.0,0.0,1.0,0,4,False
177,1,50.0,0,0,1.0,0.0,1.0,0.0,0.0,3,0,True
178,2,30.0,0,0,0.0,1.0,0.0,0.0,1.0,1,0,True
179,3,36.0,0,0,0.0,1.0,0.0,0.0,1.0,2,0,True
180,3,21.773972602739725,8,2,1.0,0.0,0.0,0.0,1.0,1,10,False
181,2,32.368090452261306,0,0,0.0,1.0,1.0,0.0,0.0,1,0,True
182,3,9.0,4,2,0.0,1.0,0.0,0.0,1.0,0,6,False
183,2,1.0,2,1,0.0,1.0,0.0,0.0,1.0,0,3,False
184,3,4.0,0,2,1.0,0.0,0.0,0.0,1.0,0,2,False
185,1,32.368090452261306,0,0,0.0,1.0,0.0,0.0,1.0,1,0,True
186,3,35.898148148148145,1,0,1.0,0.0,0.0,1.0,0.0,2,1,False
187,1,45.0,0,0,0.0,1.0,0.0,0.0,1.0,2,0,True
188,3,40.0,1,1,0.0,1.0,0.0,1.0,0.0,2,2,False
189,3,36.0,0,0,0.0,1.0,0.0,0.0,1.0,2,0,True
190,2,32.0,0,0,1.0,0.0,0.0,0.0,1.0,1,0,True
191,2,19.0,0,0,0.0,1.0,0.0,0.0,1.0,1,0,True
192,3,19.0,1,0,1.0,0.0,0.0,0.0,1.0,1,1,False
193,2,3.0,1,1,0.0,1.0,0.0,0.0,1.0,0,2,False
194,1,44.0,0,0,1.0,0.0,1.0,0.0,0.0,2,0,True
195,1,58.0,0,0,1.0,0.0,1.0,0.0,0.0,3,0,True
196,3,32.368090452261306,0,0,0.0,1.0,0.0,1.0,0.0,1,0,True
197,3,42.0,0,1,0.0,1.0,0.0,0.0,1.0,2,1,False
198,3,21.773972602739725,0,0,1.0,0.0,0.0,1.0,0.0,1,0,True
199,2,24.0,0,0,1.0,0.0,0.0,0.0,1.0,1,0,True
200,3,28.0,0,0,0.0,1.0,0.0,0.0,1.0,1,0,True
201,3,32.368090452261306,8,2,0.0,1.0,0.0,0.0,1.0,1,10,False
202,3,34.0,0,0,0.0,1.0,0.0,0.0,1.0,2,0,True
203,3,45.5,0,0,0.0,1.0,1.0,0.0,0.0,2,0,True
204,3,18.0,0,0,0.0,1.0,0.0,0.0,1.0,1,0,True
205,3,2.0,0,1,1.0,0.0,0.0,0.0,1.0,0,1,False
206,3,32.0,1,0,0.0,1.0,0.0,0.0,1.0,1,1,False
207,3,26.0,0,0,0.0,1.0,1.0,0.0,0.0,1,0,True
208,3,16.0,0,0,1.0,0.0,0.0,1.0,0.0,0,0,True
209,1,40.0,0,0,0.0,1.0,1.0,0.0,0.0,2,0,True
210,3,24.0,0,0,0.0,1.0,0.0,0.0,1.0,1,0,True
211,2,35.0,0,0,1.0,0.0,0.0,0.0,1.0,2,0,True
212,3,22.0,0,0,0.0,1.0,0.0,0.0,1.0,1,0,True
213,2,30.0,0,0,0.0,1.0,0.0,0.0,1.0,1,0,True
214,3,32.368090452261306,1,0,0.0,1.0,0.0,1.0,0.0,1,1,False
215,1,31.0,1,0,1.0,0.0,1.0,0.0,0.0,1,1,False
216,3,27.0,0,0,1.0,0.0,0.0,0.0,1.0,1,0,True
217,2,42.0,1,0,0.0,1.0,0.0,0.0,1.0,2,1,False
218,1,32.0,0,0,1.0,0.0,1.0,0.0,0.0,1,0,True
219,2,30.0,0,0,0.0,1.0,0.0,0.0,1.0,1,0,True
220,3,16.0,0,0,0.0,1.0,0.0,0.0,1.0,0,0,True
221,2,27.0,0,0,0.0,1.0,0.0,0.0,1.0,1,0,True
222,3,51.0,0,0,0.0,1.0,0.0,0.0,1.0,3,0,True
223,3,32.368090452261306,0,0,0.0,1.0,0.0,0.0,1.0,1,0,True
224,1,38.0,1,0,0.0,1.0,0.0,0.0,1.0,2,1,False
225,3,22.0,0,0,0.0,1.0,0.0,0.0,1.0,1,0,True
226,2,19.0,0,0,0.0,1.0,0.0,0.0,1.0,1,0,True
227,3,20.5,0,0,0.0,1.0,0.0,0.0,1.0,1,0,True
228,2,18.0,0,0,0.0,1.0,0.0,0.0,1.0,1,0,True
229,3,21.773972602739725,3,1,1.0,0.0,0.0,0.0,1.0,1,4,False
230,1,35.0,1,0,1.0,0.0,0.0,0.0,1.0,2,1,False
231,3,29.0,0,0,0.0,1.0,0.0,0.0,1.0,1,0,True
232,2,59.0,0,0,0.0,1.0,0.0,0.0,1.0,3,0,True
233,3,5.0,4,2,1.0,0.0,0.0,0.0,1.0,0,6,False
234,2,24.0,0,0,0.0,1.0,0.0,0.0,1.0,1,0,True
235,3,21.773972602739725,0,0,1.0,0.0,0.0,0.0,1.0,1,0,True
236,2,44.0,1,0,0.0,1.0,0.0,0.0,1.0,2,1,False
237,2,8.0,0,2,1.0,0.0,0.0,0.0,1.0,0,2,False
238,2,19.0,0,0,0.0,1.0,0.0,0.0,1.0,1,0,True
239,2,33.0,0,0,0.0,1.0,0.0,0.0,1.0,2,0,True
240,3,21.773972602739725,1,0,1.0,0.0,1.0,0.0,0.0,1,1,False
241,3,21.773972602739725,1,0,1.0,0.0,0.0,1.0,0.0,1,1,False
242,2,29.0,0,0,0.0,1.0,0.0,0.0,1.0,1,0,True
243,3,22.0,0,0,0.0,1.0,0.0,0.0,1.0,1,0,True
244,3,30.0,0,0,0.0,1.0,1.0,0.0,0.0,1,0,True
245,1,44.0,2,0,0.0,1.0,0.0,1.0,0.0,2,2,False
246,3,25.0,0,0,1.0,0.0,0.0,0.0,1.0,1,0,True
247,2,24.0,0,2,1.0,0.0,0.0,0.0,1.0,1,2,False
248,1,37.0,1,1,0.0,1.0,0.0,0.0,1.0,2,2,False
249,2,54.0,1,0,0.0,1.0,0.0,0.0,1.0,3,1,False
250,3,32.368090452261306,0,0,0.0,1.0,0.0,0.0,1.0,1,0,True
251,3,29.0,1,1,1.0,0.0,0.0,0.0,1.0,1,2,False
252,1,62.0,0,0,0.0,1.0,0.0,0.0,1.0,3,0,True
253,3,30.0,1,0,0.0,1.0,0.0,0.0,1.0,1,1,False
254,3,41.0,0,2,1.0,0.0,0.0,0.0,1.0,2,2,False
255,3,29.0,0,2,1.0,0.0,1.0,0.0,0.0,1,2,False
256,1,35.898148148148145,0,0,1.0,0.0,1.0,0.0,0.0,2,0,True
257,1,30.0,0,0,1.0,0.0,0.0,0.0,1.0,1,0,True
258,1,35.0,0,0,1.0,0.0,1.0,0.0,0.0,2,0,True
259,2,50.0,0,1,1.0,0.0,0.0,0.0,1.0,3,1,False
260,3,32.368090452261306,0,0,0.0,1.0,0.0,1.0,0.0,1,0,True
261,3,3.0,4,2,0.0,1.0,0.0,0.0,1.0,0,6,False
262,1,52.0,1,1,0.0,1.0,0.0,0.0,1.0,3,2,False
263,1,40.0,0,0,0.0,1.0,0.0,0.0,1.0,2,0,True
264,3,21.773972602739725,0,0,1.0,0.0,0.0,1.0,0.0,1,0,True
265,2,36.0,0,0,0.0,1.0,0.0,0.0,1.0,2,0,True
266,3,16.0,4,1,0.0,1.0,0.0,0.0,1.0,0,5,False
267,3,25.0,1,0,0.0,1.0,0.0,0.0,1.0,1,1,False
268,1,58.0,0,1,1.0,0.0,0.0,0.0,1.0,3,1,False
269,1,35.0,0,0,1.0,0.0,0.0,0.0,1.0,2,0,True
270,1,32.368090452261306,0,0,0.0,1.0,0.0,0.0,1.0,1,0,True
271,3,25.0,0,0,0.0,1.0,0.0,0.0,1.0,1,0,True
272,2,41.0,0,1,1.0,0.0,0.0,0.0,1.0,2,1,False
273,1,37.0,0,1,0.0,1.0,1.0,0.0,0.0,2,1,False
274,3,21.773972602739725,0,0,1.0,0.0,0.0,1.0,0.0,1,0,True
275,1,63.0,1,0,1.0,0.0,0.0,0.0,1.0,3,1,False
276,3,45.0,0,0,1.0,0.0,0.0,0.0,1.0,2,0,True
277,2,32.368090452261306,0,0,0.0,1.0,0.0,0.0,1.0,1,0,True
278,3,7.0,4,1,0.0,1.0,0.0,1.0,0.0,0,5,False
279,3,35.0,1,1,1.0,0.0,0.0,0.0,1.0,2,2,False
280,3,65.0,0,0,0.0,1.0,0.0,1.0,0.0,4,0,True
281,3,28.0,0,0,0.0,1.0,0.0,0.0,1.0,1,0,True
282,3,16.0,0,0,0.0,1.0,0.0,0.0,1.0,0,0,True
283,3,19.0,0,0,0.0,1.0,0.0,0.0,1.0,1,0,True
284,1,32.368090452261306,0,0,0.0,1.0,0.0,0.0,1.0,1,0,True
285,3,33.0,0,0,0.0,1.0,1.0,0.0,0.0,2,0,True
286,3,30.0,0,0,0.0,1.0,0.0,0.0,1.0,1,0,True
287,3,22.0,0,0,0.0,1.0,0.0,0.0,1.0,1,0,True
288,2,42.0,0,0,0.0,1.0,0.0,0.0,1.0,2,0,True
289,3,22.0,0,0,1.0,0.0,0.0,1.0,0.0,1,0,True
290,1,26.0,0,0,1.0,0.0,0.0,0.0,1.0,1,0,True
291,1,19.0,1,0,1.0,0.0,1.0,0.0,0.0,1,1,False
292,2,36.0,0,0,0.0,1.0,1.0,0.0,0.0,2,0,True
293,3,24.0,0,0,1.0,0.0,0.0,0.0,1.0,1,0,True
294,3,24.0,0,0,0.0,1.0,0.0,0.0,1.0,1,0,True
295,1,32.368090452261306,0,0,0.0,1.0,1.0,0.0,0.0,1,0,True
296,3,23.5,0,0,0.0,1.0,1.0,0.0,0.0,1,0,True
297,1,2.0,1,2,1.0,0.0,0.0,0.0,1.0,0,3,False
298,1,32.368090452261306,0,0,0.0,1.0,0.0,0.0,1.0,1,0,True
299,1,50.0,0,1,1.0,0.0,1.0,0.0,0.0,3,1,False
300,3,21.773972602739725,0,0,1.0,0.0,0.0,1.0,0.0,1,0,True
301,3,32.368090452261306,2,0,0.0,1.0,0.0,1.0,0.0,1,2,False
302,3,19.0,0,0,0.0,1.0,0.0,0.0,1.0,1,0,True
303,2,21.773972602739725,0,0,1.0,0.0,0.0,1.0,0.0,1,0,True
304,3,32.368090452261306,0,0,0.0,1.0,0.0,0.0,1.0,1,0,True
305,1,0.92,1,2,0.0,1.0,0.0,0.0,1.0,0,3,False
306,1,21.773972602739725,0,0,1.0,0.0,1.0,0.0,0.0,1,0,True
307,1,17.0,1,0,1.0,0.0,1.0,0.0,0.0,1,1,False
308,2,30.0,1,0,0.0,1.0,1.0,0.0,0.0,1,1,False
309,1,30.0,0,0,1.0,0.0,1.0,0.0,0.0,1,0,True
310,1,24.0,0,0,1.0,0.0,1.0,0.0,0.0,1,0,True
311,1,18.0,2,2,1.0,0.0,1.0,0.0,0.0,1,4,False
312,2,26.0,1,1,1.0,0.0,0.0,0.0,1.0,1,2,False
313,3,28.0,0,0,0.0,1.0,0.0,0.0,1.0,1,0,True
314,2,43.0,1,1,0.0,1.0,0.0,0.0,1.0,2,2,False
315,3,26.0,0,0,1.0,0.0,0.0,0.0,1.0,1,0,True
316,2,24.0,1,0,1.0,0.0,0.0,0.0,1.0,1,1,False
317,2,54.0,0,0,0.0,1.0,0.0,0.0,1.0,3,0,True
318,1,31.0,0,2,1.0,0.0,0.0,0.0,1.0,1,2,False
319,1,40.0,1,1,1.0,0.0,1.0,0.0,0.0,2,2,False
320,3,22.0,0,0,0.0,1.0,0.0,0.0,1.0,1,0,True
321,3,27.0,0,0,0.0,1.0,0.0,0.0,1.0,1,0,True
322,2,30.0,0,0,1.0,0.0,0.0,1.0,0.0,1,0,True
323,2,22.0,1,1,1.0,0.0,0.0,0.0,1.0,1,2,False
324,3,32.368090452261306,8,2,0.0,1.0,0.0,0.0,1.0,1,10,False
325,1,36.0,0,0,1.0,0.0,1.0,0.0,0.0,2,0,True
326,3,61.0,0,0,0.0,1.0,0.0,0.0,1.0,3,0,True
327,2,36.0,0,0,1.0,0.0,0.0,0.0,1.0,2,0,True
328,3,31.0,1,1,1.0,0.0,0.0,0.0,1.0,1,2,False
329,1,16.0,0,1,1.0,0.0,1.0,0.0,0.0,0,1,False
330,3,21.773972602739725,2,0,1.0,0.0,0.0,1.0,0.0,1,2,False
331,1,45.5,0,0,0.0,1.0,0.0,0.0,1.0,2,0,True
332,1,38.0,0,1,0.0,1.0,0.0,0.0,1.0,2,1,False
333,3,16.0,2,0,0.0,1.0,0.0,0.0,1.0,0,2,False
334,1,35.898148148148145,1,0,1.0,0.0,0.0,0.0,1.0,2,1,False
335,3,32.368090452261306,0,0,0.0,1.0,0.0,0.0,1.0,1,0,True
336,1,29.0,1,0,0.0,1.0,0.0,0.0,1.0,1,1,False
337,1,41.0,0,0,1.0,0.0,1.0,0.0,0.0,2,0,True
338,3,45.0,0,0,0.0,1.0,0.0,0.0,1.0,2,0,True
339,1,45.0,0,0,0.0,1.0,0.0,0.0,1.0,2,0,True
340,2,2.0,1,1,0.0,1.0,0.0,0.0,1.0,0,2,False
341,1,24.0,3,2,1.0,0.0,0.0,0.0,1.0,1,5,False
342,2,28.0,0,0,0.0,1.0,0.0,0.0,1.0,1,0,True
343,2,25.0,0,0,0.0,1.0,0.0,0.0,1.0,1,0,True
344,2,36.0,0,0,0.0,1.0,0.0,0.0,1.0,2,0,True
345,2,24.0,0,0,1.0,0.0,0.0,0.0,1.0,1,0,True
346,2,40.0,0,0,1.0,0.0,0.0,0.0,1.0,2,0,True
347,3,35.898148148148145,1,0,1.0,0.0,0.0,0.0,1.0,2,1,False
348,3,3.0,1,1,0.0,1.0,0.0,0.0,1.0,0,2,False
349,3,42.0,0,0,0.0,1.0,0.0,0.0,1.0,2,0,True
350,3,23.0,0,0,0.0,1.0,0.0,0.0,1.0,1,0,True
351,1,32.368090452261306,0,0,0.0,1.0,0.0,0.0,1.0,1,0,True
352,3,15.0,1,1,0.0,1.0,1.0,0.0,0.0,0,2,False
353,3,25.0,1,0,0.0,1.0,0.0,0.0,1.0,1,1,False
354,3,32.368090452261306,0,0,0.0,1.0,1.0,0.0,0.0,1,0,True
355,3,28.0,0,0,0.0,1.0,0.0,0.0,1.0,1,0,True
356,1,22.0,0,1,1.0,0.0,0.0,0.0,1.0,1,1,False
357,2,38.0,0,0,1.0,0.0,0.0,0.0,1.0,2,0,True
358,3,21.773972602739725,0,0,1.0,0.0,0.0,1.0,0.0,1,0,True
359,3,21.773972602739725,0,0,1.0,0.0,0.0,1.0,0.0,1,0,True
360,3,40.0,1,4,0.0,1.0,0.0,0.0,1.0,2,5,False
361,2,29.0,1,0,0.0,1.0,1.0,0.0,0.0,1,1,False
362,3,45.0,0,1,1.0,0.0,1.0,0.0,0.0,2,1,False
363,3,35.0,0,0,0.0,1.0,0.0,0.0,1.0,2,0,True
364,3,32.368090452261306,1,0,0.0,1.0,0.0,1.0,0.0,1,1,False
365,3,30.0,0,0,0.0,1.0,0.0,0.0,1.0,1,0,True
366,1,60.0,1,0,1.0,0.0,1.0,0.0,0.0,3,1,False
367,3,35.898148148148145,0,0,1.0,0.0,1.0,0.0,0.0,2,0,True
368,3,21.773972602739725,0,0,1.0,0.0,0.0,1.0,0.0,1,0,True
369,1,24.0,0,0,1.0,0.0,1.0,0.0,0.0,1,0,True
370,1,25.0,1,0,0.0,1.0,1.0,0.0,0.0,1,1,False
371,3,18.0,1,0,0.0,1.0,0.0,0.0,1.0,1,1,False
372,3,19.0,0,0,0.0,1.0,0.0,0.0,1.0,1,0,True
373,1,22.0,0,0,0.0,1.0,1.0,0.0,0.0,1,0,True
374,3,3.0,3,1,1.0,0.0,0.0,0.0,1.0,0,4,False
375,1,35.898148148148145,1,0,1.0,0.0,1.0,0.0,0.0,2,1,False
376,3,22.0,0,0,1.0,0.0,0.0,0.0,1.0,1,0,True
377,1,27.0,0,2,0.0,1.0,1.0,0.0,0.0,1,2,False
378,3,20.0,0,0,0.0,1.0,1.0,0.0,0.0,1,0,True
379,3,19.0,0,0,0.0,1.0,0.0,0.0,1.0,1,0,True
380,1,42.0,0,0,1.0,0.0,1.0,0.0,0.0,2,0,True
381,3,1.0,0,2,1.0,0.0,1.0,0.0,0.0,0,2,False
382,3,32.0,0,0,0.0,1.0,0.0,0.0,1.0,1,0,True
383,1,35.0,1,0,1.0,0.0,0.0,0.0,1.0,2,1,False
384,3,32.368090452261306,0,0,0.0,1.0,0.0,0.0,1.0,1,0,True
385,2,18.0,0,0,0.0,1.0,0.0,0.0,1.0,1,0,True
386,3,1.0,5,2,0.0,1.0,0.0,0.0,1.0,0,7,False
387,2,36.0,0,0,1.0,0.0,0.0,0.0,1.0,2,0,True
388,3,32.368090452261306,0,0,0.0,1.0,0.0,1.0,0.0,1,0,True
389,2,17.0,0,0,1.0,0.0,1.0,0.0,0.0,1,0,True
390,1,36.0,1,2,0.0,1.0,0.0,0.0,1.0,2,3,False
391,3,21.0,0,0,0.0,1.0,0.0,0.0,1.0,1,0,True
392,3,28.0,2,0,0.0,1.0,0.0,0.0,1.0,1,2,False
393,1,23.0,1,0,1.0,0.0,1.0,0.0,0.0,1,1,False
394,3,24.0,0,2,1.0,0.0,0.0,0.0,1.0,1,2,False
395,3,22.0,0,0,0.0,1.0,0.0,0.0,1.0,1,0,True
396,3,31.0,0,0,1.0,0.0,0.0,0.0,1.0,1,0,True
397,2,46.0,0,0,0.0,1.0,0.0,0.0,1.0,2,0,True
398,2,23.0,0,0,0.0,1.0,0.0,0.0,1.0,1,0,True
399,2,28.0,0,0,1.0,0.0,0.0,0.0,1.0,1,0,True
400,3,39.0,0,0,0.0,1.0,0.0,0.0,1.0,2,0,True
401,3,26.0,0,0,0.0,1.0,0.0,0.0,1.0,1,0,True
402,3,21.0,1,0,1.0,0.0,0.0,0.0,1.0,1,1,False
403,3,28.0,1,0,0.0,1.0,0.0,0.0,1.0,1,1,False
404,3,20.0,0,0,1.0,0.0,0.0,0.0,1.0,1,0,True
405,2,34.0,1,0,0.0,1.0,0.0,0.0,1.0,2,1,False
406,3,51.0,0,0,0.0,1.0,0.0,0.0,1.0,3,0,True
407,2,3.0,1,1,0.0,1.0,0.0,0.0,1.0,0,2,False
408,3,21.0,0,0,0.0,1.0,0.0,0.0,1.0,1,0,True
409,3,21.773972602739725,3,1,1.0,0.0,0.0,0.0,1.0,1,4,False
410,3,32.368090452261306,0,0,0.0,1.0,0.0,0.0,1.0,1,0,True
411,3,32.368090452261306,0,0,0.0,1.0,0.0,1.0,0.0,1,0,True
412,1,33.0,1,0,1.0,0.0,0.0,1.0,0.0,2,1,False
413,2,32.368090452261306,0,0,0.0,1.0,0.0,0.0,1.0,1,0,True
414,3,44.0,0,0,0.0,1.0,0.0,0.0,1.0,2,0,True
415,3,35.898148148148145,0,0,1.0,0.0,0.0,0.0,1.0,2,0,True
416,2,34.0,1,1,1.0,0.0,0.0,0.0,1.0,2,2,False
417,2,18.0,0,2,1.0,0.0,0.0,0.0,1.0,1,2,False
418,2,30.0,0,0,0.0,1.0,0.0,0.0,1.0,1,0,True
419,3,10.0,0,2,1.0,0.0,0.0,0.0,1.0,0,2,False
420,3,32.368090452261306,0,0,0.0,1.0,1.0,0.0,0.0,1,0,True
421,3,21.0,0,0,0.0,1.0,0.0,1.0,0.0,1,0,True
422,3,29.0,0,0,0.0,1.0,0.0,0.0,1.0,1,0,True
423,3,28.0,1,1,1.0,0.0,0.0,0.0,1.0,1,2,False
424,3,18.0,1,1,0.0,1.0,0.0,0.0,1.0,1,2,False
425,3,32.368090452261306,0,0,0.0,1.0,0.0,0.0,1.0,1,0,True
426,2,28.0,1,0,1.0,0.0,0.0,0.0,1.0,1,1,False
427,2,19.0,0,0,1.0,0.0,0.0,0.0,1.0,1,0,True
428,3,32.368090452261306,0,0,0.0,1.0,0.0,1.0,0.0,1,0,True
429,3,32.0,0,0,0.0,1.0,0.0,0.0,1.0,1,0,True
430,1,28.0,0,0,0.0,1.0,0.0,0.0,1.0,1,0,True
431,3,35.898148148148145,1,0,1.0,0.0,0.0,0.0,1.0,2,1,False
432,2,42.0,1,0,1.0,0.0,0.0,0.0,1.0,2,1,False
433,3,17.0,0,0,0.0,1.0,0.0,0.0,1.0,1,0,True
434,1,50.0,1,0,0.0,1.0,0.0,0.0,1.0,3,1,False
435,1,14.0,1,2,1.0,0.0,0.0,0.0,1.0,0,3,False
436,3,21.0,2,2,1.0,0.0,0.0,0.0,1.0,1,4,False
437,2,24.0,2,3,1.0,0.0,0.0,0.0,1.0,1,5,False
438,1,64.0,1,4,0.0,1.0,0.0,0.0,1.0,3,5,False
439,2,31.0,0,0,0.0,1.0,0.0,0.0,1.0,1,0,True
440,2,45.0,1,1,1.0,0.0,0.0,0.0,1.0,2,2,False
441,3,20.0,0,0,0.0,1.0,0.0,0.0,1.0,1,0,True
442,3,25.0,1,0,0.0,1.0,0.0,0.0,1.0,1,1,False
443,2,28.0,0,0,1.0,0.0,0.0,0.0,1.0,1,0,True
444,3,32.368090452261306,0,0,0.0,1.0,0.0,0.0,1.0,1,0,True
445,1,4.0,0,2,0.0,1.0,0.0,0.0,1.0,0,2,False
446,2,13.0,0,1,1.0,0.0,0.0,0.0,1.0,0,1,False
447,1,34.0,0,0,0.0,1.0,0.0,0.0,1.0,2,0,True
448,3,5.0,2,1,1.0,0.0,1.0,0.0,0.0,0,3,False
449,1,52.0,0,0,0.0,1.0,0.0,0.0,1.0,3,0,True
450,2,36.0,1,2,0.0,1.0,0.0,0.0,1.0,2,3,False
451,3,32.368090452261306,1,0,0.0,1.0,0.0,0.0,1.0,1,1,False
452,1,30.0,0,0,0.0,1.0,1.0,0.0,0.0,1,0,True
453,1,49.0,1,0,0.0,1.0,1.0,0.0,0.0,3,1,False
454,3,32.368090452261306,0,0,0.0,1.0,0.0,0.0,1.0,1,0,True
455,3,29.0,0,0,0.0,1.0,1.0,0.0,0.0,1,0,True
456,1,65.0,0,0,0.0,1.0,0.0,0.0,1.0,4,0,True
457,1,35.898148148148145,1,0,1.0,0.0,0.0,0.0,1.0,2,1,False
458,2,50.0,0,0,1.0,0.0,0.0,0.0,1.0,3,0,True
459,3,32.368090452261306,0,0,0.0,1.0,0.0,1.0,0.0,1,0,True
460,1,48.0,0,0,0.0,1.0,0.0,0.0,1.0,2,0,True
461,3,34.0,0,0,0.0,1.0,0.0,0.0,1.0,2,0,True
462,1,47.0,0,0,0.0,1.0,0.0,0.0,1.0,2,0,True
463,2,48.0,0,0,0.0,1.0,0.0,0.0,1.0,2,0,True
464,3,32.368090452261306,0,0,0.0,1.0,0.0,0.0,1.0,1,0,True
465,3,38.0,0,0,0.0,1.0,0.0,0.0,1.0,2,0,True
466,2,32.368090452261306,0,0,0.0,1.0,0.0,0.0,1.0,1,0,True
467,1,56.0,0,0,0.0,1.0,0.0,0.0,1.0,3,0,True
468,3,32.368090452261306,0,0,0.0,1.0,0.0,1.0,0.0,1,0,True
469,3,0.75,2,1,1.0,0.0,1.0,0.0,0.0,0,3,False
470,3,32.368090452261306,0,0,0.0,1.0,0.0,0.0,1.0,1,0,True
471,3,38.0,0,0,0.0,1.0,0.0,0.0,1.0,2,0,True
472,2,33.0,1,2,1.0,0.0,0.0,0.0,1.0,2,3,False
473,2,23.0,0,0,1.0,0.0,1.0,0.0,0.0,1,0,True
474,3,22.0,0,0,1.0,0.0,0.0,0.0,1.0,1,0,True
475,1,32.368090452261306,0,0,0.0,1.0,0.0,0.0,1.0,1,0,True
476,2,34.0,1,0,0.0,1.0,0.0,0.0,1.0,2,1,False
477,3,29.0,1,0,0.0,1.0,0.0,0.0,1.0,1,1,False
478,3,22.0,0,0,0.0,1.0,0.0,0.0,1.0,1,0,True
479,3,2.0,0,1,1.0,0.0,0.0,0.0,1.0,0,1,False
480,3,9.0,5,2,0.0,1.0,0.0,0.0,1.0,0,7,False
481,2,32.368090452261306,0,0,0.0,1.0,0.0,0.0,1.0,1,0,True
482,3,50.0,0,0,0.0,1.0,0.0,0.0,1.0,3,0,True
483,3,63.0,0,0,1.0,0.0,0.0,0.0,1.0,3,0,True
484,1,25.0,1,0,0.0,1.0,1.0,0.0,0.0,1,1,False
485,3,21.773972602739725,3,1,1.0,0.0,0.0,0.0,1.0,1,4,False
486,1,35.0,1,0,1.0,0.0,0.0,0.0,1.0,2,1,False
487,1,58.0,0,0,0.0,1.0,1.0,0.0,0.0,3,0,True
488,3,30.0,0,0,0.0,1.0,0.0,0.0,1.0,1,0,True
489,3,9.0,1,1,0.0,1.0,0.0,0.0,1.0,0,2,False
490,3,32.368090452261306,1,0,0.0,1.0,0.0,0.0,1.0,1,1,False
491,3,21.0,0,0,0.0,1.0,0.0,0.0,1.0,1,0,True
492,1,55.0,0,0,0.0,1.0,0.0,0.0,1.0,3,0,True
493,1,71.0,0,0,0.0,1.0,1.0,0.0,0.0,4,0,True
494,3,21.0,0,0,0.0,1.0,0.0,0.0,1.0,1,0,True
495,3,32.368090452261306,0,0,0.0,1.0,1.0,0.0,0.0,1,0,True
496,1,54.0,1,0,1.0,0.0,1.0,0.0,0.0,3,1,False
497,3,32.368090452261306,0,0,0.0,1.0,0.0,0.0,1.0,1,0,True
498,1,25.0,1,2,1.0,0.0,0.0,0.0,1.0,1,3,False
499,3,24.0,0,0,0.0,1.0,0.0,0.0,1.0,1,0,True
500,3,17.0,0,0,0.0,1.0,0.0,0.0,1.0,1,0,True
501,3,21.0,0,0,1.0,0.0,0.0,1.0,0.0,1,0,True
502,3,21.773972602739725,0,0,1.0,0.0,0.0,1.0,0.0,1,0,True
503,3,37.0,0,0,1.0,0.0,0.0,0.0,1.0,2,0,True
504,1,16.0,0,0,1.0,0.0,0.0,0.0,1.0,0,0,True
505,1,18.0,1,0,0.0,1.0,1.0,0.0,0.0,1,1,False
506,2,33.0,0,2,1.0,0.0,0.0,0.0,1.0,2,2,False
507,1,32.368090452261306,0,0,0.0,1.0,0.0,0.0,1.0,1,0,True
508,3,28.0,0,0,0.0,1.0,0.0,0.0,1.0,1,0,True
509,3,26.0,0,0,0.0,1.0,0.0,0.0,1.0,1,0,True
510,3,29.0,0,0,0.0,1.0,0.0,1.0,0.0,1,0,True
511,3,32.368090452261306,0,0,0.0,1.0,0.0,0.0,1.0,1,0,True
512,1,36.0,0,0,0.0,1.0,0.0,0.0,1.0,2,0,True
513,1,54.0,1,0,1.0,0.0,1.0,0.0,0.0,3,1,False
514,3,24.0,0,0,0.0,1.0,0.0,0.0,1.0,1,0,True
515,1,47.0,0,0,0.0,1.0,0.0,0.0,1.0,2,0,True
516,2,34.0,0,0,1.0,0.0,0.0,0.0,1.0,2,0,True
517,3,32.368090452261306,0,0,0.0,1.0,0.0,1.0,0.0,1,0,True
518,2,36.0,1,0,1.0,0.0,0.0,0.0,1.0,2,1,False
519,3,32.0,0,0,0.0,1.0,0.0,0.0,1.0,1,0,True
520,1,30.0,0,0,1.0,0.0,0.0,0.0,1.0,1,0,True
521,3,22.0,0,0,0.0,1.0,0.0,0.0,1.0,1,0,True
522,3,32.368090452261306,0,0,0.0,1.0,1.0,0.0,0.0,1,0,True
523,1,44.0,0,1,1.0,0.0,1.0,0.0,0.0,2,1,False
524,3,32.368090452261306,0,0,0.0,1.0,1.0,0.0,0.0,1,0,True
525,3,40.5,0,0,0.0,1.0,0.0,1.0,0.0,2,0,True
526,2,50.0,0,0,1.0,0.0,0.0,0.0,1.0,3,0,True
527,1,32.368090452261306,0,0,0.0,1.0,0.0,0.0,1.0,1,0,True
528,3,39.0,0,0,0.0,1.0,0.0,0.0,1.0,2,0,True
529,2,23.0,2,1,0.0,1.0,0.0,0.0,1.0,1,3,False
530,2,2.0,1,1,1.0,0.0,0.0,0.0,1.0,0,2,False
531,3,32.368090452261306,0,0,0.0,1.0,1.0,0.0,0.0,1,0,True
532,3,17.0,1,1,0.0,1.0,1.0,0.0,0.0,1,2,False
533,3,35.898148148148145,0,2,1.0,0.0,1.0,0.0,0.0,2,2,False
534,3,30.0,0,0,1.0,0.0,0.0,0.0,1.0,1,0,True
535,2,7.0,0,2,1.0,0.0,0.0,0.0,1.0,0,2,False
536,1,45.0,0,0,0.0,1.0,0.0,0.0,1.0,2,0,True
537,1,30.0,0,0,1.0,0.0,1.0,0.0,0.0,1,0,True
538,3,32.368090452261306,0,0,0.0,1.0,0.0,0.0,1.0,1,0,True
539,1,22.0,0,2,1.0,0.0,1.0,0.0,0.0,1,2,False
540,1,36.0,0,2,1.0,0.0,0.0,0.0,1.0,2,2,False
541,3,9.0,4,2,1.0,0.0,0.0,0.0,1.0,0,6,False
542,3,11.0,4,2,1.0,0.0,0.0,0.0,1.0,0,6,False
543,2,32.0,1,0,0.0,1.0,0.0,0.0,1.0,1,1,False
544,1,50.0,1,0,0.0,1.0,1.0,0.0,0.0,3,1,False
545,1,64.0,0,0,0.0,1.0,0.0,0.0,1.0,3,0,True
546,2,19.0,1,0,1.0,0.0,0.0,0.0,1.0,1,1,False
547,2,32.368090452261306,0,0,0.0,1.0,1.0,0.0,0.0,1,0,True
548,3,33.0,1,1,0.0,1.0,0.0,0.0,1.0,2,2,False
549,2,8.0,1,1,0.0,1.0,0.0,0.0,1.0,0,2,False
550,1,17.0,0,2,0.0,1.0,1.0,0.0,0.0,1,2,False
551,2,27.0,0,0,0.0,1.0,0.0,0.0,1.0,1,0,True
552,3,32.368090452261306,0,0,0.0,1.0,0.0,1.0,0.0,1,0,True
553,3,22.0,0,0,0.0,1.0,1.0,0.0,0.0,1,0,True
554,3,22.0,0,0,1.0,0.0,0.0,0.0,1.0,1,0,True
555,1,62.0,0,0,0.0,1.0,0.0,0.0,1.0,3,0,True
556,1,48.0,1,0,1.0,0.0,1.0,0.0,0.0,2,1,False
557,1,32.368090452261306,0,0,0.0,1.0,1.0,0.0,0.0,1,0,True
558,1,39.0,1,1,1.0,0.0,0.0,0.0,1.0,2,2,False
559,3,36.0,1,0,1.0,0.0,0.0,0.0,1.0,2,1,False
560,3,32.368090452261306,0,0,0.0,1.0,0.0,1.0,0.0,1,0,True
561,3,40.0,0,0,0.0,1.0,0.0,0.0,1.0,2,0,True
562,2,28.0,0,0,0.0,1.0,0.0,0.0,1.0,1,0,True
563,3,32.368090452261306,0,0,0.0,1.0,0.0,0.0,1.0,1,0,True
564,3,21.773972602739725,0,0,1.0,0.0,0.0,0.0,1.0,1,0,True
565,3,24.0,2,0,0.0,1.0,0.0,0.0,1.0,1,2,False
566,3,19.0,0,0,0.0,1.0,0.0,0.0,1.0,1,0,True
567,3,29.0,0,4,1.0,0.0,0.0,0.0,1.0,1,4,False
568,3,32.368090452261306,0,0,0.0,1.0,1.0,0.0,0.0,1,0,True
569,3,32.0,0,0,0.0,1.0,0.0,0.0,1.0,1,0,True
570,2,62.0,0,0,0.0,1.0,0.0,0.0,1.0,3,0,True
571,1,53.0,2,0,1.0,0.0,0.0,0.0,1.0,3,2,False
572,1,36.0,0,0,0.0,1.0,0.0,0.0,1.0,2,0,True
573,3,21.773972602739725,0,0,1.0,0.0,0.0,1.0,0.0,1,0,True
574,3,16.0,0,0,0.0,1.0,0.0,0.0,1.0,0,0,True
575,3,19.0,0,0,0.0,1.0,0.0,0.0,1.0,1,0,True
576,2,34.0,0,0,1.0,0.0,0.0,0.0,1.0,2,0,True
577,1,39.0,1,0,1.0,0.0,0.0,0.0,1.0,2,1,False
578,3,35.898148148148145,1,0,1.0,0.0,1.0,0.0,0.0,2,1,False
579,3,32.0,0,0,0.0,1.0,0.0,0.0,1.0,1,0,True
580,2,25.0,1,1,1.0,0.0,0.0,0.0,1.0,1,2,False
581,1,39.0,1,1,1.0,0.0,1.0,0.0,0.0,2,2,False
582,2,54.0,0,0,0.0,1.0,0.0,0.0,1.0,3,0,True
583,1,36.0,0,0,0.0,1.0,1.0,0.0,0.0,2,0,True
584,3,32.368090452261306,0,0,0.0,1.0,1.0,0.0,0.0,1,0,True
585,1,18.0,0,2,1.0,0.0,0.0,0.0,1.0,1,2,False
586,2,47.0,0,0,0.0,1.0,0.0,0.0,1.0,2,0,True
587,1,60.0,1,1,0.0,1.0,1.0,0.0,0.0,3,2,False
588,3,22.0,0,0,0.0,1.0,0.0,0.0,1.0,1,0,True
589,3,32.368090452261306,0,0,0.0,1.0,0.0,0.0,1.0,1,0,True
590,3,35.0,0,0,0.0,1.0,0.0,0.0,1.0,2,0,True
591,1,52.0,1,0,1.0,0.0,1.0,0.0,0.0,3,1,False
592,3,47.0,0,0,0.0,1.0,0.0,0.0,1.0,2,0,True
593,3,21.773972602739725,0,2,1.0,0.0,0.0,1.0,0.0,1,2,False
594,2,37.0,1,0,0.0,1.0,0.0,0.0,1.0,2,1,False
595,3,36.0,1,1,0.0,1.0,0.0,0.0,1.0,2,2,False
596,2,21.773972602739725,0,0,1.0,0.0,0.0,0.0,1.0,1,0,True
597,3,49.0,0,0,0.0,1.0,0.0,0.0,1.0,3,0,True
598,3,32.368090452261306,0,0,0.0,1.0,1.0,0.0,0.0,1,0,True
599,1,49.0,1,0,0.0,1.0,1.0,0.0,0.0,3,1,False
600,2,24.0,2,1,1.0,0.0,0.0,0.0,1.0,1,3,False
601,3,32.368090452261306,0,0,0.0,1.0,0.0,0.0,1.0,1,0,True
602,1,32.368090452261306,0,0,0.0,1.0,0.0,0.0,1.0,1,0,True
603,3,44.0,0,0,0.0,1.0,0.0,0.0,1.0,2,0,True
604,1,35.0,0,0,0.0,1.0,1.0,0.0,0.0,2,0,True
605,3,36.0,1,0,0.0,1.0,0.0,0.0,1.0,2,1,False
606,3,30.0,0,0,0.0,1.0,0.0,0.0,1.0,1,0,True
607,1,27.0,0,0,0.0,1.0,0.0,0.0,1.0,1,0,True
608,2,22.0,1,2,1.0,0.0,1.0,0.0,0.0,1,3,False
609,1,40.0,0,0,1.0,0.0,0.0,0.0,1.0,2,0,True
610,3,39.0,1,5,1.0,0.0,0.0,0.0,1.0,2,6,False
611,3,32.368090452261306,0,0,0.0,1.0,0.0,0.0,1.0,1,0,True
612,3,21.773972602739725,1,0,1.0,0.0,0.0,1.0,0.0,1,1,False
613,3,32.368090452261306,0,0,0.0,1.0,0.0,1.0,0.0,1,0,True
614,3,35.0,0,0,0.0,1.0,0.0,0.0,1.0,2,0,True
615,2,24.0,1,2,1.0,0.0,0.0,0.0,1.0,1,3,False
616,3,34.0,1,1,0.0,1.0,0.0,0.0,1.0,2,2,False
617,3,26.0,1,0,1.0,0.0,0.0,0.0,1.0,1,1,False
618,2,4.0,2,1,1.0,0.0,0.0,0.0,1.0,0,3,False
619,2,26.0,0,0,0.0,1.0,0.0,0.0,1.0,1,0,True
620,3,27.0,1,0,0.0,1.0,1.0,0.0,0.0,1,1,False
621,1,42.0,1,0,0.0,1.0,0.0,0.0,1.0,2,1,False
622,3,20.0,1,1,0.0,1.0,1.0,0.0,0.0,1,2,False
623,3,21.0,0,0,0.0,1.0,0.0,0.0,1.0,1,0,True
624,3,21.0,0,0,0.0,1.0,0.0,0.0,1.0,1,0,True
625,1,61.0,0,0,0.0,1.0,0.0,0.0,1.0,3,0,True
626,2,57.0,0,0,0.0,1.0,0.0,1.0,0.0,3,0,True
627,1,21.0,0,0,1.0,0.0,0.0,0.0,1.0,1,0,True
628,3,26.0,0,0,0.0,1.0,0.0,0.0,1.0,1,0,True
629,3,32.368090452261306,0,0,0.0,1.0,0.0,1.0,0.0,1,0,True
630,1,80.0,0,0,0.0,1.0,0.0,0.0,1.0,4,0,True
631,3,51.0,0,0,0.0,1.0,0.0,0.0,1.0,3,0,True
632,1,32.0,0,0,0.0,1.0,1.0,0.0,0.0,1,0,True
633,1,32.368090452261306,0,0,0.0,1.0,0.0,0.0,1.0,1,0,True
634,3,9.0,3,2,1.0,0.0,0.0,0.0,1.0,0,5,False
635,2,28.0,0,0,1.0,0.0,0.0,0.0,1.0,1,0,True
636,3,32.0,0,0,0.0,1.0,0.0,0.0,1.0,1,0,True
637,2,31.0,1,1,0.0,1.0,0.0,0.0,1.0,1,2,False
638,3,41.0,0,5,1.0,0.0,0.0,0.0,1.0,2,5,False
639,3,32.368090452261306,1,0,0.0,1.0,0.0,0.0,1.0,1,1,False
640,3,20.0,0,0,0.0,1.0,0.0,0.0,1.0,1,0,True
641,1,24.0,0,0,1.0,0.0,1.0,0.0,0.0,1,0,True
642,3,2.0,3,2,1.0,0.0,0.0,0.0,1.0,0,5,False
643,3,32.368090452261306,0,0,0.0,1.0,0.0,0.0,1.0,1,0,True
644,3,0.75,2,1,1.0,0.0,1.0,0.0,0.0,0,3,False
645,1,48.0,1,0,0.0,1.0,1.0,0.0,0.0,2,1,False
646,3,19.0,0,0,0.0,1.0,0.0,0.0,1.0,1,0,True
647,1,56.0,0,0,0.0,1.0,1.0,0.0,0.0,3,0,True
648,3,32.368090452261306,0,0,0.0,1.0,0.0,0.0,1.0,1,0,True
649,3,23.0,0,0,1.0,0.0,0.0,0.0,1.0,1,0,True
650,3,32.368090452261306,0,0,0.0,1.0,0.0,0.0,1.0,1,0,True
651,2,18.0,0,1,1.0,0.0,0.0,0.0,1.0,1,1,False
652,3,21.0,0,0,0.0,1.0,0.0,0.0,1.0,1,0,True
653,3,21.773972602739725,0,0,1.0,0.0,0.0,1.0,0.0,1,0,True
654,3,18.0,0,0,1.0,0.0,0.0,1.0,0.0,1,0,True
655,2,24.0,2,0,0.0,1.0,0.0,0.0,1.0,1,2,False
656,3,32.368090452261306,0,0,0.0,1.0,0.0,0.0,1.0,1,0,True
657,3,32.0,1,1,1.0,0.0,0.0,1.0,0.0,1,2,False
658,2,23.0,0,0,0.0,1.0,0.0,0.0,1.0,1,0,True
659,1,58.0,0,2,0.0,1.0,1.0,0.0,0.0,3,2,False
660,1,50.0,2,0,0.0,1.0,0.0,0.0,1.0,3,2,False
661,3,40.0,0,0,0.0,1.0,1.0,0.0,0.0,2,0,True
662,1,47.0,0,0,0.0,1.0,0.0,0.0,1.0,2,0,True
663,3,36.0,0,0,0.0,1.0,0.0,0.0,1.0,2,0,True
664,3,20.0,1,0,0.0,1.0,0.0,0.0,1.0,1,1,False
665,2,32.0,2,0,0.0,1.0,0.0,0.0,1.0,1,2,False
666,2,25.0,0,0,0.0,1.0,0.0,0.0,1.0,1,0,True
667,3,32.368090452261306,0,0,0.0,1.0,0.0,0.0,1.0,1,0,True
668,3,43.0,0,0,0.0,1.0,0.0,0.0,1.0,2,0,True
669,1,35.898148148148145,1,0,1.0,0.0,0.0,0.0,1.0,2,1,False
670,2,40.0,1,1,1.0,0.0,0.0,0.0,1.0,2,2,False
671,1,31.0,1,0,0.0,1.0,0.0,0.0,1.0,1,1,False
672,2,70.0,0,0,0.0,1.0,0.0,0.0,1.0,4,0,True
673,2,31.0,0,0,0.0,1.0,0.0,0.0,1.0,1,0,True
674,2,32.368090452261306,0,0,0.0,1.0,0.0,0.0,1.0,1,0,True
675,3,18.0,0,0,0.0,1.0,0.0,0.0,1.0,1,0,True
676,3,24.5,0,0,0.0,1.0,0.0,0.0,1.0,1,0,True
677,3,18.0,0,0,1.0,0.0,0.0,0.0,1.0,1,0,True
678,3,43.0,1,6,1.0,0.0,0.0,0.0,1.0,2,7,False
679,1,36.0,0,1,0.0,1.0,1.0,0.0,0.0,2,1,False
680,3,21.773972602739725,0,0,1.0,0.0,0.0,1.0,0.0,1,0,True
681,1,27.0,0,0,0.0,1.0,1.0,0.0,0.0,1,0,True
682,3,20.0,0,0,0.0,1.0,0.0,0.0,1.0,1,0,True
683,3,14.0,5,2,0.0,1.0,0.0,0.0,1.0,0,7,False
684,2,60.0,1,1,0.0,1.0,0.0,0.0,1.0,3,2,False
685,2,25.0,1,2,0.0,1.0,1.0,0.0,0.0,1,3,False
686,3,14.0,4,1,0.0,1.0,0.0,0.0,1.0,0,5,False
687,3,19.0,0,0,0.0,1.0,0.0,0.0,1.0,1,0,True
688,3,18.0,0,0,0.0,1.0,0.0,0.0,1.0,1,0,True
689,1,15.0,0,1,1.0,0.0,0.0,0.0,1.0,0,1,False
690,1,31.0,1,0,0.0,1.0,0.0,0.0,1.0,1,1,False
691,3,4.0,0,1,1.0,0.0,1.0,0.0,0.0,0,1,False
692,3,32.368090452261306,0,0,0.0,1.0,0.0,0.0,1.0,1,0,True
693,3,25.0,0,0,0.0,1.0,1.0,0.0,0.0,1,0,True
694,1,60.0,0,0,0.0,1.0,0.0,0.0,1.0,3,0,True
695,2,52.0,0,0,0.0,1.0,0.0,0.0,1.0,3,0,True
696,3,44.0,0,0,0.0,1.0,0.0,0.0,1.0,2,0,True
697,3,21.773972602739725,0,0,1.0,0.0,0.0,1.0,0.0,1,0,True
698,1,49.0,1,1,0.0,1.0,1.0,0.0,0.0,3,2,False
699,3,42.0,0,0,0.0,1.0,0.0,0.0,1.0,2,0,True
700,1,18.0,1,0,1.0,0.0,1.0,0.0,0.0,1,1,False
701,1,35.0,0,0,0.0,1.0,0.0,0.0,1.0,2,0,True
702,3,18.0,0,1,1.0,0.0,1.0,0.0,0.0,1,1,False
703,3,25.0,0,0,0.0,1.0,0.0,1.0,0.0,1,0,True
704,3,26.0,1,0,0.0,1.0,0.0,0.0,1.0,1,1,False
705,2,39.0,0,0,0.0,1.0,0.0,0.0,1.0,2,0,True
706,2,45.0,0,0,1.0,0.0,0.0,0.0,1.0,2,0,True
707,1,42.0,0,0,0.0,1.0,0.0,0.0,1.0,2,0,True
708,1,22.0,0,0,1.0,0.0,0.0,0.0,1.0,1,0,True
709,3,4.574166666666667,1,1,0.0,1.0,1.0,0.0,0.0,0,2,False
710,1,24.0,0,0,1.0,0.0,1.0,0.0,0.0,1,0,True
711,1,32.368090452261306,0,0,0.0,1.0,0.0,0.0,1.0,1,0,True
712,1,48.0,1,0,0.0,1.0,0.0,0.0,1.0,2,1,False
713,3,29.0,0,0,0.0,1.0,0.0,0.0,1.0,1,0,True
714,2,52.0,0,0,0.0,1.0,0.0,0.0,1.0,3,0,True
715,3,19.0,0,0,0.0,1.0,0.0,0.0,1.0,1,0,True
716,1,38.0,0,0,1.0,0.0,1.0,0.0,0.0,2,0,True
717,2,27.0,0,0,1.0,0.0,0.0,0.0,1.0,1,0,True
718,3,32.368090452261306,0,0,0.0,1.0,0.0,1.0,0.0,1,0,True
719,3,33.0,0,0,0.0,1.0,0.0,0.0,1.0,2,0,True
720,2,6.0,0,1,1.0,0.0,0.0,0.0,1.0,0,1,False
721,3,17.0,1,0,0.0,1.0,0.0,0.0,1.0,1,1,False
722,2,34.0,0,0,0.0,1.0,0.0,0.0,1.0,2,0,True
723,2,50.0,0,0,0.0,1.0,0.0,0.0,1.0,3,0,True
724,1,27.0,1,0,0.0,1.0,0.0,0.0,1.0,1,1,False
725,3,20.0,0,0,0.0,1.0,0.0,0.0,1.0,1,0,True
726,2,30.0,3,0,1.0,0.0,0.0,0.0,1.0,1,3,False
727,3,21.773972602739725,0,0,1.0,0.0,0.0,1.0,0.0,1,0,True
728,2,25.0,1,0,0.0,1.0,0.0,0.0,1.0,1,1,False
729,3,25.0,1,0,1.0,0.0,0.0,0.0,1.0,1,1,False
730,1,29.0,0,0,1.0,0.0,0.0,0.0,1.0,1,0,True
731,3,11.0,0,0,0.0,1.0,1.0,0.0,0.0,0,0,True
732,2,32.368090452261306,0,0,0.0,1.0,0.0,0.0,1.0,1,0,True
733,2,23.0,0,0,0.0,1.0,0.0,0.0,1.0,1,0,True
734,2,23.0,0,0,0.0,1.0,0.0,0.0,1.0,1,0,True
735,3,28.5,0,0,0.0,1.0,0.0,0.0,1.0,1,0,True
736,3,48.0,1,3,1.0,0.0,0.0,0.0,1.0,2,4,False
737,1,35.0,0,0,0.0,1.0,1.0,0.0,0.0,2,0,True
738,3,32.368090452261306,0,0,0.0,1.0,0.0,0.0,1.0,1,0,True
739,3,32.368090452261306,0,0,0.0,1.0,0.0,0.0,1.0,1,0,True
740,1,32.368090452261306,0,0,0.0,1.0,0.0,0.0,1.0,1,0,True
741,1,36.0,1,0,0.0,1.0,0.0,0.0,1.0,2,1,False
742,1,21.0,2,2,1.0,0.0,1.0,0.0,0.0,1,4,False
743,3,24.0,1,0,0.0,1.0,0.0,0.0,1.0,1,1,False
744,3,31.0,0,0,0.0,1.0,0.0,0.0,1.0,1,0,True
745,1,70.0,1,1,0.0,1.0,0.0,0.0,1.0,4,2,False
746,3,16.0,1,1,0.0,1.0,0.0,0.0,1.0,0,2,False
747,2,30.0,0,0,1.0,0.0,0.0,0.0,1.0,1,0,True
748,1,19.0,1,0,0.0,1.0,0.0,0.0,1.0,1,1,False
749,3,31.0,0,0,0.0,1.0,0.0,1.0,0.0,1,0,True
750,2,4.0,1,1,1.0,0.0,0.0,0.0,1.0,0,2,False
751,3,6.0,0,1,0.0,1.0,0.0,0.0,1.0,0,1,False
752,3,33.0,0,0,0.0,1.0,0.0,0.0,1.0,2,0,True
753,3,23.0,0,0,0.0,1.0,0.0,0.0,1.0,1,0,True
754,2,48.0,1,2,1.0,0.0,0.0,0.0,1.0,2,3,False
755,2,0.67,1,1,0.0,1.0,0.0,0.0,1.0,0,2,False
756,3,28.0,0,0,0.0,1.0,0.0,0.0,1.0,1,0,True
757,2,18.0,0,0,0.0,1.0,0.0,0.0,1.0,1,0,True
758,3,34.0,0,0,0.0,1.0,0.0,0.0,1.0,2,0,True
759,1,33.0,0,0,1.0,0.0,0.0,0.0,1.0,2,0,True
760,3,32.368090452261306,0,0,0.0,1.0,0.0,0.0,1.0,1,0,True
761,3,41.0,0,0,0.0,1.0,0.0,0.0,1.0,2,0,True
762,3,20.0,0,0,0.0,1.0,1.0,0.0,0.0,1,0,True
763,1,36.0,1,2,1.0,0.0,0.0,0.0,1.0,2,3,False
764,3,16.0,0,0,0.0,1.0,0.0,0.0,1.0,0,0,True
765,1,51.0,1,0,1.0,0.0,0.0,0.0,1.0,3,1,False
766,1,42.0,0,0,0.0,1.0,1.0,0.0,0.0,2,0,True
767,3,30.5,0,0,1.0,0.0,0.0,1.0,0.0,1,0,True
768,3,32.368090452261306,1,0,0.0,1.0,0.0,1.0,0.0,1,1,False
769,3,32.0,0,0,0.0,1.0,0.0,0.0,1.0,1,0,True
770,3,24.0,0,0,0.0,1.0,0.0,0.0,1.0,1,0,True
771,3,48.0,0,0,0.0,1.0,0.0,0.0,1.0,2,0,True
772,2,57.0,0,0,1.0,0.0,0.0,0.0,1.0,3,0,True
773,3,32.368090452261306,0,0,0.0,1.0,1.0,0.0,0.0,1,0,True
774,2,54.0,1,3,1.0,0.0,0.0,0.0,1.0,3,4,False
775,3,18.0,0,0,0.0,1.0,0.0,0.0,1.0,1,0,True
776,3,32.368090452261306,0,0,0.0,1.0,0.0,1.0,0.0,1,0,True
777,3,5.0,0,0,1.0,0.0,0.0,0.0,1.0,0,0,True
778,3,32.368090452261306,0,0,0.0,1.0,0.0,1.0,0.0,1,0,True
779,1,43.0,0,1,1.0,0.0,0.0,0.0,1.0,2,1,False
780,3,13.0,0,0,1.0,0.0,1.0,0.0,0.0,0,0,True
781,1,17.0,1,0,1.0,0.0,0.0,0.0,1.0,1,1,False
782,1,29.0,0,0,0.0,1.0,0.0,0.0,1.0,1,0,True
783,3,32.368090452261306,1,2,0.0,1.0,0.0,0.0,1.0,1,3,False
784,3,25.0,0,0,0.0,1.0,0.0,0.0,1.0,1,0,True
785,3,25.0,0,0,0.0,1.0,0.0,0.0,1.0,1,0,True
786,3,18.0,0,0,1.0,0.0,0.0,0.0,1.0,1,0,True
787,3,8.0,4,1,0.0,1.0,0.0,1.0,0.0,0,5,False
788,3,1.0,1,2,0.0,1.0,0.0,0.0,1.0,0,3,False
789,1,46.0,0,0,0.0,1.0,1.0,0.0,0.0,2,0,True
790,3,32.368090452261306,0,0,0.0,1.0,0.0,1.0,0.0,1,0,True
791,2,16.0,0,0,0.0,1.0,0.0,0.0,1.0,0,0,True
792,3,21.773972602739725,8,2,1.0,0.0,0.0,0.0,1.0,1,10,False
793,1,32.368090452261306,0,0,0.0,1.0,1.0,0.0,0.0,1,0,True
794,3,25.0,0,0,0.0,1.0,0.0,0.0,1.0,1,0,True
795,2,39.0,0,0,0.0,1.0,0.0,0.0,1.0,2,0,True
796,1,49.0,0,0,1.0,0.0,0.0,0.0,1.0,3,0,True
797,3,31.0,0,0,1.0,0.0,0.0,0.0,1.0,1,0,True
798,3,30.0,0,0,0.0,1.0,1.0,0.0,0.0,1,0,True
799,3,30.0,1,1,1.0,0.0,0.0,0.0,1.0,1,2,False
800,2,34.0,0,0,0.0,1.0,0.0,0.0,1.0,2,0,True
801,2,31.0,1,1,1.0,0.0,0.0,0.0,1.0,1,2,False
802,1,11.0,1,2,0.0,1.0,0.0,0.0,1.0,0,3,False
803,3,0.42,0,1,0.0,1.0,1.0,0.0,0.0,0,1,False
804,3,27.0,0,0,0.0,1.0,0.0,0.0,1.0,1,0,True
805,3,31.0,0,0,0.0,1.0,0.0,0.0,1.0,1,0,True
806,1,39.0,0,0,0.0,1.0,0.0,0.0,1.0,2,0,True
807,3,18.0,0,0,1.0,0.0,0.0,0.0,1.0,1,0,True
808,2,39.0,0,0,0.0,1.0,0.0,0.0,1.0,2,0,True
809,1,33.0,1,0,1.0,0.0,0.0,0.0,1.0,2,1,False
810,3,26.0,0,0,0.0,1.0,0.0,0.0,1.0,1,0,True
811,3,39.0,0,0,0.0,1.0,0.0,0.0,1.0,2,0,True
812,2,35.0,0,0,0.0,1.0,0.0,0.0,1.0,2,0,True
813,3,6.0,4,2,1.0,0.0,0.0,0.0,1.0,0,6,False
814,3,30.5,0,0,0.0,1.0,0.0,0.0,1.0,1,0,True
815,1,32.368090452261306,0,0,0.0,1.0,0.0,0.0,1.0,1,0,True
816,3,23.0,0,0,1.0,0.0,0.0,0.0,1.0,1,0,True
817,2,31.0,1,1,0.0,1.0,1.0,0.0,0.0,1,2,False
818,3,43.0,0,0,0.0,1.0,0.0,0.0,1.0,2,0,True
819,3,10.0,3,2,0.0,1.0,0.0,0.0,1.0,0,5,False
820,1,52.0,1,1,1.0,0.0,0.0,0.0,1.0,3,2,False
821,3,27.0,0,0,0.0,1.0,0.0,0.0,1.0,1,0,True
822,1,38.0,0,0,0.0,1.0,0.0,0.0,1.0,2,0,True
823,3,27.0,0,1,1.0,0.0,0.0,0.0,1.0,1,1,False
824,3,2.0,4,1,0.0,1.0,0.0,0.0,1.0,0,5,False
825,3,32.368090452261306,0,0,0.0,1.0,0.0,1.0,0.0,1,0,True
826,3,32.368090452261306,0,0,0.0,1.0,0.0,0.0,1.0,1,0,True
827,2,1.0,0,2,0.0,1.0,1.0,0.0,0.0,0,2,False
828,3,32.368090452261306,0,0,0.0,1.0,0.0,1.0,0.0,1,0,True
829,1,62.0,0,0,1.0,0.0,0.0,0.0,1.0,3,0,True
830,3,15.0,1,0,1.0,0.0,1.0,0.0,0.0,0,1,False
831,2,0.83,1,1,0.0,1.0,0.0,0.0,1.0,0,2,False
832,3,32.368090452261306,0,0,0.0,1.0,1.0,0.0,0.0,1,0,True
833,3,23.0,0,0,0.0,1.0,0.0,0.0,1.0,1,0,True
834,3,18.0,0,0,0.0,1.0,0.0,0.0,1.0,1,0,True
835,1,39.0,1,1,1.0,0.0,1.0,0.0,0.0,2,2,False
836,3,21.0,0,0,0.0,1.0,0.0,0.0,1.0,1,0,True
837,3,32.368090452261306,0,0,0.0,1.0,0.0,0.0,1.0,1,0,True
838,3,32.0,0,0,0.0,1.0,0.0,0.0,1.0,1,0,True
839,1,32.368090452261306,0,0,0.0,1.0,1.0,0.0,0.0,1,0,True
840,3,20.0,0,0,0.0,1.0,0.0,0.0,1.0,1,0,True
841,2,16.0,0,0,0.0,1.0,0.0,0.0,1.0,0,0,True
842,1,30.0,0,0,1.0,0.0,1.0,0.0,0.0,1,0,True
843,3,34.5,0,0,0.0,1.0,1.0,0.0,0.0,2,0,True
844,3,17.0,0,0,0.0,1.0,0.0,0.0,1.0,1,0,True
845,3,42.0,0,0,0.0,1.0,0.0,0.0,1.0,2,0,True
846,3,32.368090452261306,8,2,0.0,1.0,0.0,0.0,1.0,1,10,False
847,3,35.0,0,0,0.0,1.0,1.0,0.0,0.0,2,0,True
848,2,28.0,0,1,0.0,1.0,0.0,0.0,1.0,1,1,False
849,1,35.898148148148145,1,0,1.0,0.0,1.0,0.0,0.0,2,1,False
850,3,4.0,4,2,0.0,1.0,0.0,0.0,1.0,0,6,False
851,3,74.0,0,0,0.0,1.0,0.0,0.0,1.0,4,0,True
852,3,9.0,1,1,1.0,0.0,1.0,0.0,0.0,0,2,False
853,1,16.0,0,1,1.0,0.0,0.0,0.0,1.0,0,1,False
854,2,44.0,1,0,1.0,0.0,0.0,0.0,1.0,2,1,False
855,3,18.0,0,1,1.0,0.0,0.0,0.0,1.0,1,1,False
856,1,45.0,1,1,1.0,0.0,0.0,0.0,1.0,2,2,False
857,1,51.0,0,0,0.0,1.0,0.0,0.0,1.0,3,0,True
858,3,24.0,0,3,1.0,0.0,1.0,0.0,0.0,1,3,False
859,3,32.368090452261306,0,0,0.0,1.0,1.0,0.0,0.0,1,0,True
860,3,41.0,2,0,0.0,1.0,0.0,0.0,1.0,2,2,False
861,2,21.0,1,0,0.0,1.0,0.0,0.0,1.0,1,1,False
862,1,48.0,0,0,1.0,0.0,0.0,0.0,1.0,2,0,True
863,3,21.773972602739725,8,2,1.0,0.0,0.0,0.0,1.0,1,10,False
864,2,24.0,0,0,0.0,1.0,0.0,0.0,1.0,1,0,True
865,2,42.0,0,0,1.0,0.0,0.0,0.0,1.0,2,0,True
866,2,27.0,1,0,1.0,0.0,1.0,0.0,0.0,1,1,False
867,1,31.0,0,0,0.0,1.0,0.0,0.0,1.0,1,0,True
868,3,32.368090452261306,0,0,0.0,1.0,0.0,0.0,1.0,1,0,True
869,3,4.0,1,1,0.0,1.0,0.0,0.0,1.0,0,2,False
870,3,26.0,0,0,0.0,1.0,0.0,0.0,1.0,1,0,True
871,1,47.0,1,1,1.0,0.0,0.0,0.0,1.0,2,2,False
872,1,33.0,0,0,0.0,1.0,0.0,0.0,1.0,2,0,True
873,3,47.0,0,0,0.0,1.0,0.0,0.0,1.0,2,0,True
874,2,28.0,1,0,1.0,0.0,1.0,0.0,0.0,1,1,False
875,3,15.0,0,0,1.0,0.0,1.0,0.0,0.0,0,0,True
876,3,20.0,0,0,0.0,1.0,0.0,0.0,1.0,1,0,True
877,3,19.0,0,0,0.0,1.0,0.0,0.0,1.0,1,0,True
878,3,32.368090452261306,0,0,0.0,1.0,0.0,0.0,1.0,1,0,True
879,1,56.0,0,1,1.0,0.0,1.0,0.0,0.0,3,1,False
880,2,25.0,0,1,1.0,0.0,0.0,0.0,1.0,1,1,False
881,3,33.0,0,0,0.0,1.0,0.0,0.0,1.0,2,0,True
882,3,22.0,0,0,1.0,0.0,0.0,0.0,1.0,1,0,True
883,2,28.0,0,0,0.0,1.0,0.0,0.0,1.0,1,0,True
884,3,25.0,0,0,0.0,1.0,0.0,0.0,1.0,1,0,True
885,3,39.0,0,5,1.0,0.0,0.0,1.0,0.0,2,5,False
886,2,27.0,0,0,0.0,1.0,0.0,0.0,1.0,1,0,True
887,1,19.0,0,0,1.0,0.0,0.0,0.0,1.0,1,0,True
888,3,21.773972602739725,1,2,1.0,0.0,0.0,0.0,1.0,1,3,False
889,1,26.0,0,0,0.0,1.0,1.0,0.0,0.0,1,0,True
890,3,32.0,0,0,0.0,1.0,0.0,1.0,0.0,1,0,True
